Company,Website,Industry,Employees Count,Revenue,Year Founded,Street,City,State,Company Phone,Owner's First Name,Owner's Last Name,Owner's Title,Owner's Email,Owner's LinkedIn,Business Description,BBB Rating
Lone Star Comfort Systems LLC,https://www.lonestarcomfort.example,HVAC,42,$6.5M,1988,1200 Industrial Blvd,Austin,TX,(512) 555-0142,Ray,Delgado,Owner,ray@gmail.com,linkedin.com/in/ray-delgado-hvac,"Family-owned heating and air conditioning contractor with residential maintenance agreements.",A+
Lone Star Comfort Systems,lonestarcomfort.example/,HVAC & Refrigeration,11-50,,1988,,Austin,Texas,512-555-0142,,,,info@lonestarcomfort.example,,,
Gulf Coast Roofing & Restoration,gulfcoastroofing.example,Roofing,35,$4M-$6M,1996,88 Bayou Rd,Houston,TX,(713) 555-0188,Mike,Thibodeaux,President,mike@@gulfcoastroofing.example,,"Residential and commercial roofing, storm restoration.",A
Sunbelt Plumbing Pros,sunbeltplumbing.example,Plumbing,18,2.1 million,2004,,Tampa,FL,(813) 555-0110,Angela,Ruiz,Owner,angela.ruiz@outlook.com,,"Plumbing repair and repiping. Service plans for homeowners.",A+
Peachtree Precision Machining Inc.,peachtreeprecision.example,Machining,64,$11M,1979,,Marietta,GA,(770) 555-0167,Walter,Hughes,Founder & CEO,whughes@yahoo.com,,"CNC machining for aerospace and medical OEMs. Second-generation family business.",A+
Buckeye Landscape Group,buckeyelandscape.example,Landscaping,27,$3.2M,2001,,Columbus,OH,(614) 555-0133,Dan,Kowalski,Owner,dan@buckeyelandscape.example,,"Commercial grounds maintenance contracts and snow removal.",A
Carolina Tax & Bookkeeping,carolinataxbooks.example,Accounting,12,$1.4M,1992,,Charlotte,NC,(704) 555-0121,Linda,Park,Managing Partner,linda.park@gmail.com,,"Tax preparation and monthly bookkeeping for small businesses.",A+
Desert Air Mechanical,desertairmech.example,HVAC,55,$9M,1985,,Phoenix,AZ,(602) 555-0175,Tom,Brennan,President,,,"Commercial HVAC service and preventive maintenance programs.",A
Magnolia Pest Control,magnoliapest.example,Pest Control,22,$2.8M,1990,,Savannah,GA,912-555-0156,Grace,Holloway,Owner,grace@mailinator.com,,"Quarterly pest control plans for homes and restaurants.",A
Alamo Electric Co,alamoelectric.example,Electrical,30,$4.5M,1998,,San Antonio,TX,(210) 555-0190,Hector,Garza,Owner,hector.garza@gmail.com,,"Licensed electrical contractor: residential, commercial and generators.",A+
Alamo Electric Company,,Electrical Contractor,,,,,San Antonio,TX,,Hector,Garza,Owner/Operator,,linkedin.com/in/hectorgarza-electric,,
Bay Area Smart Home Studio,smarthomestudio.example,Home Automation,9,$900K,2021,,San Jose,CA,(408) 555-0101,Kevin,Liu,Founder,kevin@smarthomestudio.example,,"Smart home installs.",
Hometown Dental Lab,hometowndentallab.example,Dental Lab,16,$1.9M,1983,,Orlando,FL,(407) 555-0128,Susan,Meyer,Owner,susan.meyer@hometowndentallab.example,,"Crowns, bridges and dentures for local dental practices since 1983.",A+
Metro Facility Services Inc,metrofacility.example,Janitorial,2400,$180M,1975,,Atlanta,GA,(404) 555-0199,,,,sales@metrofacility.example,,"National commercial cleaning company with 40 locations.",B
Keystone Mechanical Franchise #212,keystonemech.example,HVAC,14,$1.6M,2015,,Dayton,OH,(937) 555-0144,Brian,Fox,Franchisee,brian@keystonemech.example,,"Independently owned HVAC franchise location.",B
Tri-County Septic & Drain,tricountyseptic.example,Plumbing,10,$1.2M,1987,,Ocala,FL,(352) 555-0163,Earl,Simmons,Owner,earl.simmons@aol.com,,"Septic pumping, inspections and drain cleaning. Third-generation family business.",A
Ironclad Fabrication,ironcladfab.example,Manufacturing,48,$8.4M,1994,,Akron,OH,(330) 555-0112,Paul,Novak,President,pnovak@ironcladfab.example,,"Custom steel fabrication for industrial clients.",A
Coastal Breeze Pool Service,coastalbreezepools.example,Pool Service,8,$650K,2012,,Naples,FL,(239) 555-0137,Jenna,Cole,Owner,jenna@coastalbreezepools.example,,"Weekly pool maintenance plans.",A
Triangle IT Solutions,triangleit.example,IT Services,25,$3.5M,2008,,Raleigh,NC,(919) 555-0185,Sam,Patel,CEO,sam.patel@triangleit.example,,"Managed IT services with monthly support contracts for small businesses.",A+
Saguaro Roofing,saguaroroofing.example,Roofing,20,$2.6M,1999,,Tucson,AZ,,,,,office@saguaroroofing.example,,"Residential roofing.",
Big Apple Bookkeeping,bigapplebooks.example,Accounting,6,$500K,2017,,Brooklyn,NY,(718) 555-0170,Rachel,Stein,Owner,rachel@bigapplebooks.example,,"Bookkeeping for restaurants.",
Hill Country Well Drilling,hillcountrywell.example,Well Drilling,15,$2.2M,1972,,Kerrville,TX,(830) 555-0149,Bill,Strand,Owner,,,"Water well drilling and pump service since 1972.",A
Lowcountry Electric & Solar,lowcountryelectric.example,Electrical,33,$5.1M,2006,,Charleston,SC,(843) 555-0115,Marcus,Bell,Owner,marcus.bell@gmail.com,,"Electrical contracting and solar installs.",A
Great Lakes Industrial Coatings,glcoatings.example,Manufacturing,70,$14M,1981,,Toledo,OH,(419) 555-0166,Frank,Wozniak,President,frank@glcoatings.example,,"Powder coating for OEM and municipal customers.",A+
,,,,,,,,,,,,,,,,
First Coast HVAC,firstcoasthvac.example,HVAC,24,$3M,2003,,Jacksonville,FL,(904) 555-0122,Lisa,Moreno,Owner,lisa@firstcoasthvac.example,,"Heating and cooling repair, maintenance plans.",A
Prairie Wind Accounting,prairiewindcpa.example,Accounting,9,$1.1M,1995,,Wichita,KS,(316) 555-0157,Gary,Lund,Owner,gary.lund@prairiewindcpa.example,,"CPA firm for farms and small businesses.",A+
Gulf Coast Roofing and Restoration LLC,www.gulfcoastroofing.example,Roofing Contractor,35,,1996,,Houston,TX,,Mike,Thibodeaux,President,mike.t@gulfcoastroofing.example,,,
Valley Pest Solutions,valleypest.example,Pest Control,19,$2.4M,2010,,Mesa,AZ,(480) 555-0181,Chris,Ortega,Owner,info@valleypest.example,,"Residential pest control and termite protection.",A
Summit Plumbing & Heating,summitplumbing.example,Plumbing,40,$6M,1991,,Cincinnati,OH,(513) 555-0108,Joe,Klein,Owner,joe.klein@summitplumbing.example,,"Plumbing and boiler service with commercial service agreements.",A+
Space Coast Machine Works,spacecoastmachine.example,Machining,28,$4.2M,1989,,Melbourne,FL,(321) 555-0131,Diane,Fowler,President,dfowler@spacecoastmachine.example,,"Precision machining for defense and aerospace.",A
Piedmont Landscape Co,piedmontlandscape.example,Landscaping,45,$5.5M,1986,,Greensboro,NC,(336) 555-0174,Rick,Hayes,Owner,rick.hayes@throwawaymail.com,,"Commercial landscape maintenance contracts.",A
Copper State Electric,copperstateelectric.example,Electrical,,,,,Phoenix,AZ,(602) 555-0119,,,,,,,
Brazos Valley Pest,brazosvalleypest.example,Pest Control,12,$1.5M,2019,,Bryan,TX,(979) 555-0106,Kyle,Dunn,Owner,kyle@brazosvalleypest.example,,"Pest control for homes.",
Old Dominion HVAC Supply,olddominionhvac.example,HVAC Distribution,310,$95M,1968,,Richmond,VA,(804) 555-0160,,,,,,"Wholesale HVAC equipment distributor.",A
Seminole Accounting Group,seminolecpa.example,Accounting,14,$1.8M,1984,,Tallahassee,FL,(850) 555-0147,Robert,Chen,Founder,rchen@seminolecpa.example,,"Accounting and payroll for 300+ small business clients. Founder planning retirement.",A+
